SampleID,Class
A549_Ubenimex_33387,0
A549_Lamivudine_34563,0
A549_Tenofovir_32462,0
A549_Tenofovir_32659,0
A549_Indinavir_31762,0
A549_Zidovudine_34306,0
A549_Zalcitabine_34734,0
A549_Stavudine_31777,0
A549_Stavudine_34737,0
A549_Ubenimex_7487,0
A549_Betulinic_7050,0
A549_Lamivudine_5706,0
A549_Nelfinavir_5776,0
A549_Nelfinavir_5896,0
A549_Lopinavir_6513,0
A549_Lopinavir_6708,0
MCF7_Ubenimex_33387,0
MCF7_Lamivudine_34563,0
MCF7_Tenofovir_32462,0
MCF7_Tenofovir_32659,0
MCF7_Indinavir_31762,0
MCF7_Zidovudine_34306,0
MCF7_Zalcitabine_34734,0
MCF7_Stavudine_31777,0
MCF7_Stavudine_34737,0
PC3_Ubenimex_33387,0
PC3_Lamivudine_34563,0
PC3_Tenofovir_32462,0
PC3_Tenofovir_32659,0
PC3_Indinavir_31762,0
PC3_Zidovudine_34306,0
PC3_Zalcitabine_34734,0
PC3_Stavudine_31777,0
PC3_Stavudine_34737,0
PC3_Ubenimex_7487,0
PC3_Betulinic_7050,0
PC3_Lamivudine_5706,0
PC3_Nelfinavir_5776,0
PC3_Nelfinavir_5896,0
PC3_Lopinavir_6513,0
PC3_Lopinavir_6708,0
PC3_Indinavir_46154,0
PC3_Nelfinavir_46114,0
PC3_Nelfinavir_46171,0
PC3_Zalcitabine_48049,0
PC3_Didanosine_47580,0
PC3_Lopinavir_46860,0
A549_Ubenimex_7487,1
A549_Fluorouracil_10202,1
A549_Cyclosporin_7550,1
A549_Cyclosporin_7640,1
A549_Thalidomide_4463,1
A549_Thalidomide_4683,1
A549_Thalidomide_7559,1
A549_Thalidomide_7648,1
A549_Roquinimex_7563,1
A549_Colforsin_7571,1
A549_Colforsin_7666,1
A549_Thiotepa_6827,1
A549_Hypericin_6967,1
A549_83002-04-4_7236,1
A549_83002-04-4_7358,1
A549_Gemcitabine_10198,1
A549_Imiquimod_4513,1
A549_Cytarabine_5733,1
A549_Cytarabine_5850,1
A549_Triptolide_5856,1
A549_Triamcinolone_8046,1
A549_Methotrexate_5757,1
A549_Cyclosporin_7012,1
A549_Cyclosporin_7132,1
A549_Cyclosporine_7283,1
A549_Cyclosporine_7432,1
A549_Azathioprine_4944,1
A549_FK-506_5745,1
A549_FK-506_5861,1
A549_Sirolimus_5986,1
A549_Sirolimus_6116,1
A549_Everolimus_6366,1
A549_Everolimus_6580,1
A549_Retinyl_6447,1
A549_Retinyl_6650,1
A549_Ascomycin_6512,1
A549_Ascomycin_6707,1
A549_Failed_5736,1
MCF7_Ubenimex_33387,1
MCF7_Leflunomide_34618,1
MCF7_Wortmannin_30224,1
MCF7_Fluorouracil_34656,1
MCF7_Cyclosporin_33561,1
MCF7_Cyclosporin_33693,1
MCF7_Thalidomide_33570,1
MCF7_Colforsin_33588,1
MCF7_Thiotepa_32995,1
MCF7_Ehna_33077,1
MCF7_Glimepiride_33373,1
MCF7_Glimepiride_33501,1
MCF7_83002-04-4_33285,1
MCF7_Cyclophosphamide_34113,1
MCF7_Gemcitabine_34654,1
MCF7_Gemcitabine_38850,1
MCF7_Cytarabine_34484,1
MCF7_Cytarabine_34588,1
MCF7_Triptolide_31763,1
MCF7_Triptolide_31805,1
MCF7_Methotrexate_34300,1
MCF7_Mercaptopurine_34162,1
MCF7_Cladribine_31674,1
MCF7_Cladribine_34163,1
MCF7_Cladribine_34689,1
MCF7_Cyclosporin_33052,1
MCF7_Cyclosporine_33337,1
MCF7_Cyclosporine_33476,1
MCF7_Azathioprine_34376,1
MCF7_Tacrolimus_32923,1
MCF7_Tacrolimus_33022,1
MCF7_FK-506_31807,1
MCF7_Sirolimus_31997,1
MCF7_Sirolimus_32084,1
MCF7_Everolimus_32458,1
MCF7_Everolimus_32655,1
MCF7_Retinyl_32521,1
MCF7_Ascomycin_32578,1
MCF7_Ascomycin_32778,1
MCF7_Failed_32893,1
PC3_Leflunomide_44063,1
PC3_Leflunomide_47757,1
PC3_Wortmannin_44593,1
PC3_Wortmannin_44658,1
PC3_Fluorouracil_47929,1
PC3_Amethopterin_47463,1
PC3_Cyclosporin_44181,1
PC3_Cyclosporin_44284,1
PC3_Colforsin_44536,1
PC3_Thiotepa_44537,1
PC3_Ehna_44378,1
PC3_Hypericin_44548,1
PC3_83002-04-4_43959,1
PC3_83002-04-4_44087,1
PC3_Cyclophosphamide_47266,1
PC3_Cyclophosphamide_47808,1
PC3_Gemcitabine_47915,1
PC3_Gemcitabine_49780,1
PC3_Busulfan_47500,1
PC3_Cytarabine_46086,1
PC3_Cytarabine_46153,1
PC3_Cytarabine_47632,1
PC3_Cytarabine_47726,1
PC3_Triptolide_46093,1
PC3_Triptolide_46157,1
PC3_Methotrexate_46103,1
PC3_Methotrexate_47543,1
PC3_Brucine_46027,1
PC3_Mercaptopurine_47350,1
PC3_Cladribine_45970,1
PC3_Cladribine_47352,1
PC3_Cyclosporin_44513,1
PC3_Cyclosporine_44010,1
PC3_Tacrolimus_44582,1
PC3_FK-506_46158,1
PC3_Sirolimus_46287,1
PC3_Sirolimus_46390,1
PC3_Everolimus_46728,1
PC3_Everolimus_46943,1
PC3_Retinyl_46802,1
PC3_Ascomycin_46859,1
PC3_Ascomycin_47047,1
PC3_Failed_46087,1
PC3_Failed_47728,1
A549_Linopirdine_4235,2
A549_Quinidine_6888,2
A549_Desipramine_7324,2
A549_Desipramine_7494,2
A549_Trazodone_5771,2
A549_Duloxetine_6902,2
A549_Duloxetine_6983,2
A549_(z)_7069,2
A549_Fasudil_7732,2
A549_FPL64176_7735,2
A549_Sertraline_5900,2
A549_Triamterene_6914,2
A549_Lamotrigine_5794,2
A549_Reserpine_6920,2
A549_Nifedipine_4636,2
A549_Nifedipine_4862,2
A549_Amiloride_5037,2
A549_Amiloride_5185,2
A549_Naftopidil_5678,2
A549_Perhexiline_9132,2
A549_SKF96365_7553,2
A549_Bendroflumethiazide_7137,2
A549_CHROMANOL_4178,2
A549_Isradipine_5696,2
A549_Isradipine_5817,2
A549_Bepridil_7140,2
A549_Tocainide_4185,2
A549_Tocainide_4328,2
A549_Amoxapine_7268,2
A549_Amoxapine_7407,2
A549_Maprotiline_5728,2
A549_HA_7566,2
A549_HA_7659,2
A549_Mibefradil_7274,2
A549_Lasalocid_7572,2
A549_Lasalocid_7667,2
A549_Fccp_7287,2
A549_Fccp_7436,2
A549_Carbonyl_7578,2
A549_Carbonyl_7677,2
A549_Amiodarone_4498,2
A549_Atomoxetine_5839,2
A549_Atomoxetine_7584,2
A549_Diltiazem_7588,2
A549_Torsemide_4355,2
A549_Paroxetine_6969,2
A549_Bumetanide_6970,2
A549_Paxilline_4362,2
A549_Imipramine_4209,2
A549_NO-711_7049,2
A549_Lidocaine_5868,2
A549_Lidocaine_6884,2
A549_Amitriptyline_6885,2
A549_Nitrendipine_7543,2
A549_Flecainide_8002,2
A549_Verapamil_5802,2
A549_Alaproclate_6745,2
A549_Trimipramine_7115,2
A549_Amlodipine_6748,2
A549_Chlorthalidone_5353,2
A549_Chlorthalidone_7368,2
A549_Nicardipine_4654,2
A549_Disopyramide_7371,2
A549_Felodipine_6757,2
A549_Fluoxetine_4137,2
A549_Fluoxetine_4277,2
A549_Reboxetine_7376,2
A549_Venlafaxine_5814,2
A549_Niguldipine_7256,2
A549_Niguldipine_7385,2
"A549_""1R,2S-MILNACIPRAN""_5705",2
A549_Oxcarbazepine_5707,2
A549_Oxcarbazepine_5826,2
A549_Hydroflumethiazide_8036,2
A549_3R14S-OCHRATOXIN_6402,2
A549_Phenytoin_8049,2
A549_Lomerizine_5883,2
A549_Dofetilide_5906,2
A549_Cinnarizine_7416,2
A549_Flunarizine_7033,2
A549_Calcitriol_5730,2
A549_lacidipine_5691,2
A549_Maprotiline_4333,2
MCF7_Desipramine_33391,2
MCF7_Lidoflazine_34302,2
MCF7_Lidoflazine_34395,2
MCF7_Duloxetine_31820,2
MCF7_(z)_31800,2
MCF7_Procainamide_34404,2
MCF7_Fasudil_33656,2
MCF7_Fasudil_33789,2
MCF7_FPL64176_33659,2
MCF7_Piretanide_33261,2
MCF7_Triamterene_34417,2
MCF7_Reserpine_32942,2
MCF7_Reserpine_33034,2
MCF7_Nifedipine_30677,2
MCF7_Amiloride_33669,2
MCF7_Naftopidil_34691,2
MCF7_Perhexiline_30411,2
MCF7_SKF96365_33563,2
MCF7_SKF96365_37853,2
MCF7_Bendroflumethiazide_33055,2
MCF7_Amoxapine_33455,2
MCF7_Maprotiline_33736,2
MCF7_HA_33580,2
MCF7_Mibefradil_33328,2
MCF7_Mibefradil_33469,2
MCF7_Lasalocid_33589,2
MCF7_Lasalocid_33717,2
MCF7_Fccp_33343,2
MCF7_Fccp_33482,2
MCF7_Fccp_37874,2
MCF7_Fccp_37997,2
MCF7_Carbonyl_33596,2
MCF7_Carbonyl_33726,2
MCF7_Amiodarone_30194,2
MCF7_Vanoxerine_33617,2
MCF7_Vanoxerine_33745,2
MCF7_Paroxetine_32897,2
MCF7_Imipramine_30369,2
MCF7_Imipramine_34286,2
MCF7_Protriptyline_32902,2
MCF7_NO-711_33091,2
MCF7_Lidocaine_31809,2
MCF7_Clomipramine_33773,2
MCF7_Amitriptyline_32912,2
MCF7_Flecainide_34112,2
MCF7_Verapamil_30405,2
MCF7_Alaproclate_32953,2
MCF7_Amlodipine_30161,2
MCF7_Amlodipine_32810,2
MCF7_Amlodipine_32956,2
MCF7_Chlorthalidone_34247,2
MCF7_Nicardipine_34248,2
MCF7_Nicardipine_34335,2
MCF7_Disopyramide_30166,2
MCF7_Felodipine_34439,2
MCF7_Felodipine_34547,2
MCF7_Fluoxetine_34440,2
MCF7_Pinacidil_31538,2
MCF7_Citalopram_34448,2
MCF7_Nimodipine_34646,2
MCF7_Metolazone_33560,2
MCF7_Niguldipine_33303,2
MCF7_Niguldipine_33444,2
MCF7_Mexiletine_32977,2
MCF7_Prenylamine_34430,2
MCF7_Prenylamine_34541,2
MCF7_HEMICHOLINIUM-3_34242,2
MCF7_Fendiline_34255,2
MCF7_Nisoldipine_34560,2
MCF7_Clofilium_34263,2
MCF7_Clofilium_34352,2
MCF7_Oxcarbazepine_31757,2
MCF7_Hydrochlorothiazide_34271,2
MCF7_Hydroflumethiazide_34209,2
MCF7_3R14S-OCHRATOXIN_32484,2
MCF7_Opipramol_34491,2
MCF7_Benztropine_34726,2
MCF7_Chlorothiazide_34322,2
MCF7_Cinnarizine_33465,2
MCF7_Tranilast_31796,2
MCF7_Calcitriol_31761,2
MCF7_Maprotiline_30354,2
MCF7_Maprotiline_34264,2
PC3_Linopirdine_45938,2
PC3_Quinidine_44470,2
PC3_Escitalopram_47654,2
PC3_(z)_44473,2
PC3_FPL64176_45026,2
PC3_FPL64176_45230,2
PC3_Piretanide_44077,2
PC3_Nortriptyline_44263,2
PC3_Triamterene_47351,2
PC3_Triamterene_47438,2
PC3_Nifedipine_45063,2
PC3_Nifedipine_45259,2
PC3_Nifedipine_47578,2
PC3_Amiloride_47579,2
PC3_Naftopidil_46052,2
PC3_Naftopidil_47800,2
PC3_Perhexiline_45077,2
PC3_Trichlormethiazide_47827,2
PC3_Nomifensine_47365,2
PC3_SKF96365_44514,2
PC3_Tocainide_47874,2
PC3_Ranolazine_46065,2
PC3_Amoxapine_44527,2
PC3_Amoxapine_44627,2
PC3_Maprotiline_46081,2
PC3_Mibefradil_44000,2
PC3_Lasalocid_44365,2
PC3_Lasalocid_44441,2
PC3_Fccp_44201,2
PC3_Fccp_44293,2
PC3_Carbonyl_44370,2
PC3_Carbonyl_44447,2
PC3_Amiodarone_47715,2
PC3_Moricizine_47921,2
PC3_Diltiazem_47304,2
PC3_Torsemide_47941,2
PC3_Vanoxerine_44214,2
PC3_Vanoxerine_45387,2
PC3_Vanoxerine_47508,2
PC3_Paroxetine_44561,2
PC3_Bumetanide_47312,2
PC3_Bumetanide_47515,2
PC3_Protriptyline_47963,2
PC3_Amitriptyline_44399,2
PC3_Amitriptyline_44465,2
PC3_Nitrendipine_47801,2
PC3_Bupropion_47443,2
PC3_Flecainide_47265,2
PC3_Flecainide_47361,2
PC3_Verapamil_47447,2
PC3_Trimipramine_44489,2
PC3_Amlodipine_44605,2
PC3_Propafenone_47271,2
PC3_Chlorthalidone_47453,2
PC3_Disopyramide_47366,2
PC3_Felodipine_47594,2
PC3_Cyclopenthiazide_47841,2
PC3_Pinacidil_45871,2
PC3_Citalopram_45763,2
PC3_Nimodipine_47852,2
PC3_Quinethazone_47854,2
PC3_Niguldipine_44180,2
PC3_Mexiletine_44505,2
PC3_Prenylamine_47589,2
PC3_Prenylamine_47684,2
PC3_HEMICHOLINIUM-3_47450,2
PC3_3-(diphenylmethoxy)-8-methyl-8-azabicyclo[3.2.1]octane_47270,2
PC3_Viloxazine_47853,2
PC3_Fendiline_47467,2
PC3_Nisoldipine_47606,2
PC3_Nisoldipine_47697,2
"PC3_""1R,2S-MILNACIPRAN""_46143",2
PC3_Clofilium_47480,2
PC3_Oxcarbazepine_46068,2
PC3_Oxcarbazepine_47700,2
PC3_Hydrochlorothiazide_47492,2
PC3_Olanzapine_47917,2
PC3_3R14S-OCHRATOXIN_46763,2
PC3_3R14S-OCHRATOXIN_46968,2
PC3_Monensin_47646,2
PC3_Gabapentin_48003,2
PC3_Lomerizine_46105,2
PC3_Benztropine_48014,2
PC3_Flunarizine_44547,2
PC3_Calcitriol_46082,2
PC3_lacidipine_46060,2
PC3_lacidipine_46138,2
PC3_Maprotiline_47481,2
A549_Indomethacin_4232,3
A549_Mometasone_7323,3
A549_Mometasone_7493,3
A549_Flumethasone_7060,3
A549_Flumethasone_7184,3
A549_Fluticasone_5760,3
A549_Fluticasone_5882,3
A549_Fluticasone_7330,3
A549_Fluticasone_7498,3
A549_Salicin_7065,3
A549_Triamcinolone_7619,3
A549_Triamcinolone_7733,3
A549_Mefenamic_7624,3
A549_SKF_7107,3
A549_SKF_7228,3
A549_Beclomethasone_7109,3
A549_Beclomethasone_7231,3
A549_REV-5901_7389,3
A549_Etodolac_7134,3
A549_Etodolac_5351,3
A549_Budesonide_4177,3
A549_Budesonide_4321,3
A549_100599-27-7_7139,3
A549_23981-80-8_7260,3
A549_23981-80-8_7397,3
A549_Betamethasone_6813,3
A549_Dexamethasone_7263,3
A549_Dexamethasone_7401,3
A549_Flurandrenolide_7562,3
A549_Flurandrenolide_7651,3
A549_Boldine_7653,3
A549_Diclofenac_7420,3
A549_Fenbufen_7026,3
A549_Fenbufen_7151,3
A549_SC-560_7675,3
A549_Diflorasone_7579,3
A549_Diflorasone_7682,3
A549_Ebselen_5731,3
A549_Ebselen_5845,3
A549_GF-109203_4205,3
A549_GF-109203_4356,3
A549_Betamethasone_7601,3
A549_Andreson_4372,3
A549_Flufenamic_7602,3
A549_Betulinic_7050,3
A549_Prednicarbate_6875,3
A549_Antipyrine_6876,3
A549_DEXAMETHASONE_6877,3
A549_DEXAMETHASONE_6974,3
A549_Flunisolide_7310,3
A549_SB-203580_7249,3
A549_SB-203580_7374,3
A549_Carprofen_6934,3
A549_Budesonide_4141,3
A549_Budesonide_4280,3
A549_Ketorolac_5812,3
A549_Indoprofen_4150,3
A549_Tribenoside_4304,3
A549_Budesonide_7008,3
A549_Budesonide_7127,3
A549_Zileuton_5692,3
A549_Zileuton_5815,3
A549_Flurbiprofen_5818,3
A549_Sulfasalazine_5717,3
A549_Desoximetasone_5651,3
A549_Methylprednisolone_5503,3
A549_Dexamethasone_6401,3
A549_Dexamethasone_6611,3
A549_Dexamethasone_8039,3
A549_Triamcinolone_8046,3
A549_Clofazimine_5755,3
A549_Clofazimine_5873,3
A549_Corticosterone_5669,3
A549_Hydrocortisone_8058,3
A549_Cortisone_8070,3
A549_Hydrocortisone_8076,3
A549_Fluocinolone_8078,3
A549_(+)-taxifolin_5797,3
A549_Niflumic_8079,3
A549_Parthenolide_7626,3
A549_Curcumin_10191,3
MCF7_Fluticasone_33396,3
MCF7_Nabumetone_30394,3
MCF7_Nimesulide_33238,3
MCF7_Halcinonide_33119,3
MCF7_Halcinonide_33250,3
MCF7_SKF_33152,3
MCF7_SKF_33279,3
MCF7_Tiaprofenic_34559,3
MCF7_Etodolac_33180,3
MCF7_Etodolac_31311,3
MCF7_100599-27-7_33061,3
MCF7_23981-80-8_33449,3
MCF7_Flurandrenolide_33574,3
MCF7_Celecoxib_32989,3
MCF7_Boldine_33578,3
MCF7_DUP-697_33582,3
MCF7_DUP-697_33710,3
MCF7_Diclofenac_33326,3
MCF7_Fenbufen_34362,3
MCF7_SC-560_33594,3
MCF7_Diflorasone_33728,3
MCF7_Ebselen_31591,3
MCF7_GF-109203_30269,3
MCF7_GF-109203_30366,3
MCF7_Flufenamic_33634,3
MCF7_Prednicarbate_33009,3
MCF7_Antipyrine_34385,3
MCF7_Flunisolide_31380,3
MCF7_Flunisolide_31491,3
MCF7_Meclofenamic_34388,3
MCF7_Ibuprofen_30314,3
MCF7_Ketorolac_31783,3
MCF7_Ketorolac_32831,3
MCF7_Pranoprofen_34454,3
MCF7_Apazone_34699,3
MCF7_Flurbiprofen_34188,3
MCF7_Sulfasalazine_34467,3
MCF7_Aspirin_34199,3
MCF7_Parecoxib_31795,3
MCF7_Fentiazac_34474,3
MCF7_Benzydamine_34373,3
MCF7_Mesalamine_34658,3
MCF7_Bufexamac_34282,3
MCF7_Dexamethasone_34210,3
MCF7_Etoricoxib_34602,3
MCF7_Clofazimine_31812,3
MCF7_Corticosterone_31648,3
MCF7_Dipyrone_34513,3
MCF7_Felbinac_34735,3
MCF7_Hydrocortisone_34164,3
MCF7_6alpha-methylprednisolone_34166,3
MCF7_6alpha-methylprednisolone_34236,3
MCF7_Niflumic_34325,3
MCF7_Tranilast_31796,3
MCF7_Rosmarinic_33730,3
MCF7_Parthenolide_30681,3
MCF7_Parthenolide_30894,3
MCF7_Parthenolide_33800,3
MCF7_Parthenolide_37408,3
MCF7_Curcumin_38394,3
MCF7_20554-84-1_32158,3
MCF7_20554-84-1_32325,3
MCF7_Olopatadine_31638,3
PC3_Indomethacin_44740,3
PC3_Mometasone_44245,3
PC3_Mometasone_44319,3
PC3_Fluticasone_44142,3
PC3_Nabumetone_48009,3
PC3_Halcinonide_44066,3
PC3_SKF_44272,3
PC3_Beclomethasone_47356,3
PC3_Beclomethasone_47441,3
PC3_Suprofen_47835,3
PC3_Tiaprofenic_47604,3
PC3_Tiaprofenic_47695,3
PC3_Etodolac_45646,3
PC3_Etodolac_45758,3
PC3_Budesonide_44699,3
PC3_100599-27-7_43984,3
PC3_100599-27-7_44103,3
PC3_Flurandrenolide_44353,3
PC3_Flurandrenolide_44436,3
PC3_DUP-697_45998,3
PC3_SC-560_44445,3
PC3_Diflorasone_44373,3
PC3_Rofecoxib_47719,3
PC3_Diflunisal_47302,3
PC3_Oxaprozin_44545,3
PC3_Oxaprozin_47930,3
PC3_Ebselen_46084,3
PC3_Ebselen_46150,3
PC3_FR-122047_44381,3
PC3_FR-122047_44454,3
PC3_GF-109203_44717,3
PC3_GF-109203_44792,3
PC3_Betamethasone_44224,3
PC3_Epirizole_47518,3
PC3_Flufenamic_44228,3
PC3_Flunisolide_45822,3
PC3_SB-203580_44176,3
PC3_Carprofen_47819,3
PC3_Ibuprofen_47267,3
PC3_Budesonide_44674,3
PC3_Budesonide_47368,3
PC3_Ketorolac_47840,3
PC3_Indoprofen_47843,3
PC3_Oxyphenbutazone_47834,3
PC3_Apazone_47863,3
PC3_Flurbiprofen_47872,3
PC3_Sulfasalazine_47703,3
PC3_Fentiazac_47619,3
PC3_Fentiazac_47712,3
PC3_Mesalamine_47938,3
PC3_Desoximetasone_45912,3
PC3_Methylprednisolone_45691,3
PC3_Bufexamac_47512,3
PC3_Dexamethasone_47405,3
PC3_Nifenazone_47525,3
PC3_Clofazimine_47537,3
PC3_Acemetacin_47549,3
PC3_Diacerein_47794,3
PC3_Diacerein_48015,3
PC3_Etofenamate_47659,3
PC3_Corticosterone_46032,3
PC3_Cortisone_47344,3
PC3_(+)-taxifolin_46180,3
PC3_Fenoprofen_47683,3
PC3_Resveratrol_48110,3
PC3_Parthenolide_44275,3
PC3_Parthenolide_44335,3
PC3_Parthenolide_45066,3
PC3_Parthenolide_45261,3
PC3_Curcumin_49404,3
PC3_Curcumin_49427,3
PC3_Curcumin_49777,3
PC3_20554-84-1_46447,3
PC3_20554-84-1_46587,3
PC3_Olopatadine_46026,3
A549_Ubenimex_33387,4
A549_Erythromycin_34303,4
A549_Anisomycin_33137,4
A549_Anisomycin_33271,4
A549_Mevastatin_31831,4
A549_Mevastatin_33148,4
A549_Protionamide_32944,4
A549_Protionamide_33036,4
A549_Ofloxacin_34333,4
A549_Thalidomide_33570,4
A549_Lasalocid_33589,4
A549_Lasalocid_33717,4
A549_Chloroxine_30193,4
A549_Chloroxine_33073,4
A549_Chloroxine_33196,4
A549_Nafcillin_34204,4
A549_Ceforanide_33216,4
A549_Talampicillin_33287,4
A549_Brefeldin_33042,4
A549_Brefeldin_33163,4
A549_Antimycin_32425,4
A549_Antimycin_32619,4
A549_Antimycin_34253,4
A549_Gatifloxacin_31321,4
A549_Ciprofloxacin_34265,4
A549_Ciprofloxacin_34354,4
A549_Dicloxacillin_34566,4
A549_Kanamycin_34357,4
A549_Pipemidic_34703,4
A549_Norfloxacin_34360,4
A549_Cefaclor_31583,4
A549_Cefaclor_34580,4
A549_Loracarbef_34482,4
A549_Troleandomycin_34285,4
A549_Troleandomycin_34383,4
A549_Sulbactam_34716,4
A549_Cefmetazole_34498,4
A549_Lincomycin_34386,4
A549_Ethionamide_34501,4
A549_Amoxicillin_34142,4
A549_Clofazimine_31812,4
A549_Dapsone_34218,4
A549_Moxifloxacin_34725,4
A549_Linezolid_31816,4
A549_Dactinomycin_31642,4
A549_Dactinomycin_31736,4
A549_Cefoxitin_34222,4
A549_Cefotaxime_34308,4
A549_Thiamphenicol_34313,4
A549_Aminosalicylic_34730,4
A549_Novobiocin_34733,4
A549_Piperacillin_34234,4
A549_Cephalexin_34324,4
A549_Cephalexin_34415,4
A549_Sulfamerazine_34528,4
A549_Bongkrekic_32968,4
A549_Mycophenolate_32938,4
A549_Mycophenolate_33031,4
A549_Sirolimus_31997,4
A549_Sirolimus_32084,4
A549_Thiostrepton_31839,4
A549_Thiostrepton_32008,4
A549_Thiostrepton_32412,4
A549_Thiostrepton_37417,4
A549_Verrucarin_32611,4
A549_Rifabutin_32477,4
A549_Ascomycin_32578,4
A549_Ascomycin_32778,4
A549_Cefixime_33235,4
A549_Ubenimex_7487,4
A549_Erythromycin_6892,4
A549_Anisomycin_7092,4
A549_Anisomycin_7214,4
A549_Mevastatin_7220,4
A549_Protionamide_6924,4
A549_Ofloxacin_8005,4
A549_Thalidomide_4463,4
A549_Thalidomide_4683,4
A549_Thalidomide_7559,4
A549_Thalidomide_7648,4
A549_Lasalocid_7572,4
A549_Lasalocid_7667,4
A549_Brefeldin_6995,4
A549_Brefeldin_7114,4
A549_Antimycin_6319,4
A549_Antimycin_6552,4
A549_Gatifloxacin_5358,4
A549_Gatifloxacin_5459,4
A549_Cefdinir_5659,4
A549_Levofloxacin_5716,4
A549_Levofloxacin_5835,4
A549_Amdinocillin_5859,4
A549_Amoxicillin_8047,4
A549_Clofazimine_5755,4
A549_Clofazimine_5873,4
A549_Moxifloxacin_5765,4
A549_Moxifloxacin_5888,4
A549_Linezolid_5766,4
A549_Linezolid_5889,4
A549_Dactinomycin_5601,4
A549_Azithromycin_5547,4
A549_teicoplanin_6734,4
A549_Bongkrekic_6773,4
A549_Mycophenolate_6915,4
A549_Mycophenolate_6987,4
A549_Sirolimus_5986,4
A549_Sirolimus_6116,4
A549_Thiostrepton_5996,4
A549_Thiostrepton_6542,4
A549_Verrucarin_6306,4
A549_Verrucarin_6543,4
A549_rifapentine_5872,4
A549_Rifabutin_6384,4
A549_Ascomycin_6512,4
A549_Ascomycin_6707,4
A549_Cefatrizine_5801,4
A549_Cefixime_5633,4
A549_Cefixime_7068,4
MCF7_Ubenimex_33387,4
MCF7_Erythromycin_34303,4
MCF7_Anisomycin_33137,4
MCF7_Anisomycin_33271,4
MCF7_Mevastatin_31831,4
MCF7_Mevastatin_33148,4
MCF7_Protionamide_32944,4
MCF7_Protionamide_33036,4
MCF7_Ofloxacin_34333,4
MCF7_Thalidomide_33570,4
MCF7_Lasalocid_33589,4
MCF7_Lasalocid_33717,4
MCF7_Chloroxine_30193,4
MCF7_Chloroxine_33073,4
MCF7_Chloroxine_33196,4
MCF7_Nafcillin_34204,4
MCF7_Ceforanide_33216,4
MCF7_Talampicillin_33287,4
MCF7_Brefeldin_33042,4
MCF7_Brefeldin_33163,4
MCF7_Antimycin_32425,4
MCF7_Antimycin_32619,4
MCF7_Antimycin_34253,4
MCF7_Gatifloxacin_31321,4
MCF7_Ciprofloxacin_34265,4
MCF7_Ciprofloxacin_34354,4
MCF7_Dicloxacillin_34566,4
MCF7_Kanamycin_34357,4
MCF7_Pipemidic_34703,4
MCF7_Norfloxacin_34360,4
MCF7_Cefaclor_31583,4
MCF7_Cefaclor_34580,4
MCF7_Loracarbef_34482,4
MCF7_Troleandomycin_34285,4
MCF7_Troleandomycin_34383,4
MCF7_Sulbactam_34716,4
MCF7_Cefmetazole_34498,4
MCF7_Lincomycin_34386,4
MCF7_Ethionamide_34501,4
MCF7_Amoxicillin_34142,4
MCF7_Clofazimine_31812,4
MCF7_Dapsone_34218,4
MCF7_Moxifloxacin_34725,4
MCF7_Linezolid_31816,4
MCF7_Dactinomycin_31642,4
MCF7_Dactinomycin_31736,4
MCF7_Cefoxitin_34222,4
MCF7_Cefotaxime_34308,4
MCF7_Thiamphenicol_34313,4
MCF7_Aminosalicylic_34730,4
MCF7_Novobiocin_34733,4
MCF7_Piperacillin_34234,4
MCF7_Cephalexin_34324,4
MCF7_Cephalexin_34415,4
MCF7_Sulfamerazine_34528,4
MCF7_Bongkrekic_32968,4
MCF7_Mycophenolate_32938,4
MCF7_Mycophenolate_33031,4
MCF7_Sirolimus_31997,4
MCF7_Sirolimus_32084,4
MCF7_Thiostrepton_31839,4
MCF7_Thiostrepton_32008,4
MCF7_Thiostrepton_32412,4
MCF7_Thiostrepton_37417,4
MCF7_Verrucarin_32611,4
MCF7_Rifabutin_32477,4
MCF7_Ascomycin_32578,4
MCF7_Ascomycin_32778,4
MCF7_Cefixime_33235,4
PC3_Ubenimex_33387,4
PC3_Erythromycin_34303,4
PC3_Anisomycin_33137,4
PC3_Anisomycin_33271,4
PC3_Mevastatin_31831,4
PC3_Mevastatin_33148,4
PC3_Protionamide_32944,4
PC3_Protionamide_33036,4
PC3_Ofloxacin_34333,4
PC3_Thalidomide_33570,4
PC3_Lasalocid_33589,4
PC3_Lasalocid_33717,4
PC3_Chloroxine_30193,4
PC3_Chloroxine_33073,4
PC3_Chloroxine_33196,4
PC3_Nafcillin_34204,4
PC3_Ceforanide_33216,4
PC3_Talampicillin_33287,4
PC3_Brefeldin_33042,4
PC3_Brefeldin_33163,4
PC3_Antimycin_32425,4
PC3_Antimycin_32619,4
PC3_Antimycin_34253,4
PC3_Gatifloxacin_31321,4
PC3_Ciprofloxacin_34265,4
PC3_Ciprofloxacin_34354,4
PC3_Dicloxacillin_34566,4
PC3_Kanamycin_34357,4
PC3_Pipemidic_34703,4
PC3_Norfloxacin_34360,4
PC3_Cefaclor_31583,4
PC3_Cefaclor_34580,4
PC3_Loracarbef_34482,4
PC3_Troleandomycin_34285,4
PC3_Troleandomycin_34383,4
PC3_Sulbactam_34716,4
PC3_Cefmetazole_34498,4
PC3_Lincomycin_34386,4
PC3_Ethionamide_34501,4
PC3_Amoxicillin_34142,4
PC3_Clofazimine_31812,4
PC3_Dapsone_34218,4
PC3_Moxifloxacin_34725,4
PC3_Linezolid_31816,4
PC3_Dactinomycin_31642,4
PC3_Dactinomycin_31736,4
PC3_Cefoxitin_34222,4
PC3_Cefotaxime_34308,4
PC3_Thiamphenicol_34313,4
PC3_Aminosalicylic_34730,4
PC3_Novobiocin_34733,4
PC3_Piperacillin_34234,4
PC3_Cephalexin_34324,4
PC3_Cephalexin_34415,4
PC3_Sulfamerazine_34528,4
PC3_Bongkrekic_32968,4
PC3_Mycophenolate_32938,4
PC3_Mycophenolate_33031,4
PC3_Sirolimus_31997,4
PC3_Sirolimus_32084,4
PC3_Thiostrepton_31839,4
PC3_Thiostrepton_32008,4
PC3_Thiostrepton_32412,4
PC3_Thiostrepton_37417,4
PC3_Verrucarin_32611,4
PC3_Rifabutin_32477,4
PC3_Ascomycin_32578,4
PC3_Ascomycin_32778,4
PC3_Cefixime_33235,4
PC3_Ubenimex_7487,4
PC3_Erythromycin_6892,4
PC3_Anisomycin_7092,4
PC3_Anisomycin_7214,4
PC3_Mevastatin_7220,4
PC3_Protionamide_6924,4
PC3_Ofloxacin_8005,4
PC3_Thalidomide_4463,4
PC3_Thalidomide_4683,4
PC3_Thalidomide_7559,4
PC3_Thalidomide_7648,4
PC3_Lasalocid_7572,4
PC3_Lasalocid_7667,4
PC3_Brefeldin_6995,4
PC3_Brefeldin_7114,4
PC3_Antimycin_6319,4
PC3_Antimycin_6552,4
PC3_Gatifloxacin_5358,4
PC3_Gatifloxacin_5459,4
PC3_Cefdinir_5659,4
PC3_Levofloxacin_5716,4
PC3_Levofloxacin_5835,4
PC3_Amdinocillin_5859,4
PC3_Amoxicillin_8047,4
PC3_Clofazimine_5755,4
PC3_Clofazimine_5873,4
PC3_Moxifloxacin_5765,4
PC3_Moxifloxacin_5888,4
PC3_Linezolid_5766,4
PC3_Linezolid_5889,4
PC3_Dactinomycin_5601,4
PC3_Azithromycin_5547,4
PC3_teicoplanin_6734,4
PC3_Bongkrekic_6773,4
PC3_Mycophenolate_6915,4
PC3_Mycophenolate_6987,4
PC3_Sirolimus_5986,4
PC3_Sirolimus_6116,4
PC3_Thiostrepton_5996,4
PC3_Thiostrepton_6542,4
PC3_Verrucarin_6306,4
PC3_Verrucarin_6543,4
PC3_rifapentine_5872,4
PC3_Rifabutin_6384,4
PC3_Ascomycin_6512,4
PC3_Ascomycin_6707,4
PC3_Cefatrizine_5801,4
PC3_Cefixime_5633,4
PC3_Cefixime_7068,4
PC3_Erythromycin_47546,4
PC3_Anisomycin_44264,4
PC3_Anisomycin_44332,4
PC3_Mevastatin_44081,4
PC3_Mevastatin_46126,4
PC3_Protionamide_48030,4
PC3_Ofloxacin_47269,4
PC3_Lasalocid_44365,4
PC3_Lasalocid_44441,4
PC3_Chloroxine_44541,4
PC3_Chloroxine_47496,4
PC3_Nafcillin_47299,4
PC3_Benzylpenicillin_44577,4
PC3_Benzylpenicillin_44651,4
PC3_Talampicillin_44483,4
PC3_Brefeldin_43964,4
PC3_Brefeldin_44090,4
PC3_Nadifloxacin_47826,4
PC3_Antimycin_46690,4
PC3_Antimycin_46907,4
PC3_Antimycin_47466,4
PC3_Gatifloxacin_45653,4
PC3_Cefdinir_47883,4
PC3_Dicloxacillin_45664,4
PC3_Dicloxacillin_47701,4
PC3_Sparfloxacin_47889,4
PC3_Kanamycin_47485,4
PC3_Pipemidic_47894,4
PC3_Florfenicol_47900,4
PC3_Spectinomycin_47904,4
PC3_Cefaclor_45902,4
PC3_Roxarsone_47924,4
PC3_Pyrazinamide_47305,4
PC3_Cefuroxime_47730,4
PC3_Troleandomycin_47516,4
PC3_Nalidixic_47643,4
PC3_Clarithromycin_47979,4
PC3_Dirithromycin_47741,4
PC3_Amoxicillin_47535,4
PC3_Clofazimine_47537,4
PC3_cefepime_47994,4
PC3_Dapsone_47327,4
PC3_Cefadroxil_47651,4
PC3_Cefadroxil_47749,4
PC3_Pazufloxacin_46108,4
PC3_Moxifloxacin_46803,4
PC3_Linezolid_46109,4
PC3_Dactinomycin_46030,4
PC3_Cefoxitin_48021,4
PC3_Oxolinic_47556,4
PC3_Azithromycin_48027,4
PC3_Enoxacin_48037,4
PC3_Aminosalicylic_48039,4
PC3_Cephalexin_47574,4
PC3_teicoplanin_46885,4
PC3_Mycophenolate_44422,4
PC3_Sirolimus_46287,4
PC3_Sirolimus_46390,4
PC3_Thiostrepton_46190,4
PC3_Thiostrepton_46296,4
PC3_Thiostrepton_46681,4
PC3_Thiostrepton_46893,4
PC3_Verrucarin_46682,4
PC3_Verrucarin_46895,4
PC3_Rifampicin_47383,4
PC3_Mupirocin_47297,4
PC3_Rifabutin_46747,4
PC3_Ascomycin_46859,4
PC3_Ascomycin_47047,4
PC3_Cefixime_45891,4
PC3_Cefixime_44410,4
PC3_Cefixime_44472,4
A549_Indomethacin_4232,5
A549_Enalapril_6886,5
A549_Gabexate_5756,5
A549_Gabexate_5878,5
A549_Ubenimex_7487,5
A549_Quinidine_6888,5
A549_Pravastatin_5759,5
A549_Desipramine_7324,5
A549_Desipramine_7494,5
A549_PD-98059_4570,5
A549_Erythromycin_6892,5
A549_Bufalin_7610,5
A549_Bufalin_7723,5
A549_Ethacrynic_4238,5
A549_Ethacrynic_4402,5
A549_Salicin_7065,5
A549_Etazolate_4240,5
A549_Etazolate_4404,5
A549_Diphenyleneiodonium_7336,5
A549_Diphenyleneiodonium_7506,5
A549_Cilostazol_6896,5
A549_Milrinone_5890,5
A549_Dichlorphenamide_7343,5
A549_Dichlorphenamide_7514,5
A549_(z)_7069,5
A549_Fasudil_7732,5
A549_Sildenafil_9215,5
A549_Sildenafil_6910,5
A549_Vorinostat_10262,5
A549_Vorinostat_5014,5
A549_Vorinostat_5163,5
A549_Vorinostat_66500,5
A549_Vorinostat_66504,5
A549_Vorinostat_66508,5
A549_Vorinostat_66512,5
A549_Vorinostat_66515,5
A549_Vorinostat_66519,5
A549_Vorinostat_66521,5
A549_Vorinostat_66524,5
A549_Vorinostat_66528,5
A549_Vorinostat_66533,5
A549_Vorinostat_66537,5
A549_Vorinostat_66541,5
A549_Vorinostat_66543,5
A549_Vorinostat_66547,5
A549_Vorinostat_66550,5
A549_Vorinostat_66553,5
A549_Vorinostat_66555,5
A549_Vorinostat_66559,5
A549_Vorinostat_66563,5
A549_Vorinostat_66567,5
A549_Vorinostat_66571,5
A549_Vorinostat_66575,5
A549_Vorinostat_66579,5
A549_Vorinostat_66583,5
A549_Vorinostat_66587,5
A549_Vorinostat_66591,5
A549_Vorinostat_66595,5
A549_Vorinostat_66598,5
A549_Vorinostat_66602,5
A549_Vorinostat_66606,5
A549_Vorinostat_66608,5
A549_Vorinostat_66613,5
A549_Vorinostat_66616,5
A549_Vorinostat_66618,5
A549_Vorinostat_66625,5
A549_Vorinostat_66630,5
A549_Vorinostat_66634,5
A549_Vorinostat_66638,5
A549_Vorinostat_66643,5
A549_Vorinostat_66648,5
A549_Vorinostat_66653,5
A549_Vorinostat_66655,5
A549_Vorinostat_66660,5
A549_Vorinostat_66675,5
A549_Vorinostat_66693,5
A549_Vorinostat_66709,5
A549_Vorinostat_9242,5
A549_Vorinostat_9358,5
A549_Vorinostat_9499,5
A549_Vorinostat_9638,5
A549_Vorinostat_9743,5
A549_Vorinostat_9865,5
A549_Vorinostat_9978,5
A549_Olomoucine_7078,5
A549_Fusaric_7087,5
A549_Fusaric_7208,5
A549_Pyrimethamine_6912,5
A549_Pyrimethamine_8071,5
A549_Letrozole_4415,5
A549_Letrozole_5790,5
A549_W_7740,5
A549_Anisomycin_7092,5
A549_Anisomycin_7214,5
A549_Doxorubicin_5792,5
A549_Doxorubicin_5909,5
A549_Doxorubicin_9647,5
A549_Perindopril_6916,5
A549_Mefenamic_7624,5
A549_ML7_7536,5
A549_Isocarboxazid_7098,5
A549_Mevastatin_7220,5
A549_Trapidil_7222,5
A549_SKF_7107,5
A549_SKF_7228,5
A549_N-ethylmaleimide_4254,5
A549_Acarbose_5803,5
A549_Ofloxacin_8005,5
"A549_""3,7-BIS(DIMETHYLAMINO)PHENOTHIAZIN-5-IUM""_4497",5
"A549_""3,7-BIS(DIMETHYLAMINO)PHENOTHIAZIN-5-IUM""_4721",5
"A549_""3,7-BIS(DIMETHYLAMINO)PHENOTHIAZIN-5-IUM""_9204",5
"A549_""3,7-BIS(DIMETHYLAMINO)PHENOTHIAZIN-5-IUM""_9336",5
A549_Camptothecin_10220,5
A549_Valproic_4535,5
A549_Acarbose_7603,5
A549_Acarbose_7710,5
A549_Tubacin_7940,5
A549_Entinostat_10138,5
A549_Entinostat_6207,5
A549_Entinostat_6283,5
A549_Entinostat_6476,5
A549_Entinostat_6672,5
A549_Elliptecine_6495,5
A549_Elliptecine_6692,5
A549_Cyclosporin_7550,5
A549_Cyclosporin_7640,5
A549_REV-5901_7389,5
A549_Etodolac_7134,5
A549_Etodolac_5351,5
A549_KN_7259,5
A549_KN_7396,5
A549_100599-27-7_7139,5
A549_23981-80-8_7260,5
A549_23981-80-8_7397,5
A549_Finasteride_5824,5
A549_Caffeine_6819,5
A549_Emetine_4896,5
A549_Emetine_5074,5
"A549_""TRANS-1,4-BIS(2-CHLOROBENZAMINOMETHYL)CYCLOHEXANE_7564",5
A549_TYRPHOSTIN_7143,5
A549_Epirubicin_5708,5
A549_Epirubicin_5827,5
A549_Epirubicin_6822,5
A549_Epirubicin_6959,5
A549_HA_7566,5
A549_HA_7659,5
A549_Fluconazole_6960,5
A549_Bisindolylmaleimide_7023,5
A549_Bisindolylmaleimide_7146,5
A549_Diclofenac_7420,5
A549_Irinotecan_5714,5
A549_Irinotecan_5832,5
A549_Irinotecan_7025,5
A549_Irinotecan_7149,5
A549_Lovastatin_5474,5
A549_Lovastatin_6825,5
A549_Mibefradil_7274,5
A549_Gemfibrozil_4191,5
A549_Gemfibrozil_8025,5
A549_Fenbufen_7026,5
A549_Fenbufen_7151,5
A549_Zaprinast_7281,5
A549_Abexinostat_7282,5
A549_Abexinostat_7430,5
A549_5-nitroso-8-cinnolinol_7573,5
A549_5-nitroso-8-cinnolinol_7671,5
A549_Pepstatin_4193,5
A549_Pepstatin_4339,5
A549_Midostaurin_7284,5
A549_Midostaurin_7433,5
A549_Vardenafil_5641,5
A549_Vardenafil_6836,5
A549_SC-560_7675,5
A549_Fccp_7287,5
A549_Fccp_7436,5
A549_Carbonyl_7578,5
A549_Carbonyl_7677,5
A549_Ibudilast_7288,5
A549_Ibudilast_7438,5
A549_Amiodarone_4498,5
A549_Cimetidine_7291,5
A549_Cimetidine_7442,5
A549_H_7153,5
A549_Mitoxantrone_4201,5
A549_Mitoxantrone_4348,5
A549_Mitoxantrone_8032,5
A549_Mitoxantrone_9459,5
A549_Mitoxantrone_9580,5
A549_Simvastatin_4733,5
A549_Scriptaid_6846,5
A549_Scriptaid_6965,5
A549_Scriptaid_9714,5
A549_Scriptaid_9834,5
A549_Digoxin_7294,5
A549_Digoxin_7446,5
A549_Lavendustin_7689,5
A549_Odq_7298,5
A549_Odq_7451,5
A549_LY-294002_10207,5
A549_LY-294002_4203,5
A549_LY-294002_4353,5
A549_LY-294002_66674,5
A549_LY-294002_9464,5
A549_LY-294002_9585,5
A549_Ebselen_5731,5
A549_Ebselen_5845,5
A549_Hypericin_6967,5
A549_GF-109203_4205,5
A549_GF-109203_4356,5
A549_Ouabain_7040,5
A549_Ouabain_7165,5
A549_Puromycin_7166,5
A549_Cycloheximide_7599,5
A549_Cycloheximide_7705,5
A549_Zardaverine_7168,5
A549_Paroxetine_6969,5
A549_TYRPHOSTIN_4538,5
A549_MDL-28170_7463,5
A549_Daunorubicin_7308,5
A549_Daunorubicin_7464,5
A549_Iobenguane_7709,5
A549_Diethylcarbamazine_7465,5
A549_Metyrapone_4374,5
A549_Vinpocetine_7478,5
A549_Carbofuran_7479,5
A549_SB-202190_7055,5
A549_SB-202190_7179,5
A549_Seliciclib_7272,5
A549_Seliciclib_7417,5
A549_Sorafenib_6159,5
A549_Sorafenib_6252,5
A549_Alvocidib_6114,5
A549_Alvocidib_6218,5
A549_Alvocidib_6219,5
A549_Alvocidib_6289,5
A549_Alvocidib_9752,5
A549_Alvocidib_9870,5
A549_Dasatinib_6177,5
A549_Crizotinib_6478,5
A549_Crizotinib_6674,5
A549_Saracatinib_6590,5
A549_Lapatinib_6129,5
A549_Lapatinib_6591,5
A549_Vemurafenib_4555,5
A549_Vemurafenib_6427,5
A549_Palbociclib_6420,5
A549_Palbociclib_6628,5
A549_Erlotinib_6660,5
A549_Gefitinib_10253,5
A549_Gefitinib_6646,5
A549_Staurosporine_7788,5
A549_Staurosporine_7959,5
A549_MG-132_7321,5
A549_MG-132_7492,5
A549_Veliparib_4841,5
A549_SB-203580_7249,5
A549_SB-203580_7374,5
A549_U0126_7713,5
A549_Tyrphostin_7340,5
A549_Tyrphostin_7510,5
A549_Brefeldin_6995,5
A549_Brefeldin_7114,5
A549_Pantoprazole_5682,5
A549_Pantoprazole_5805,5
A549_Aminoglutethimide_5453,5
A549_Puromycin_7630,5
A549_Triamcinolone_4136,5
A549_Triamcinolone_4276,5
A549_Fluoxetine_4137,5
A549_Fluoxetine_4277,5
A549_Rolipram_4433,5
A549_Rolipram_5809,5
A549_Proscillaridin_6763,5
A549_Proscillaridin_6937,5
A549_Teniposide_7001,5
A549_Teniposide_7122,5
A549_Teniposide_9379,5
A549_Teniposide_9521,5
A549_Ketorolac_5812,5
A549_Indoprofen_4150,5
A549_Quinacrine_4441,5
A549_Quinacrine_4663,5
A549_Quinacrine_9147,5
A549_Quinacrine_9292,5
A549_Donepezil_6782,5
A549_Econazole_6786,5
A549_Orphenadrine_7639,5
A549_SCH-28080_4394,5
A549_RHC80267_7056,5
A549_RHC80267_7180,5
A549_Rucaparib_4618,5
A549_Rucaparib_4845,5
A549_Calmidazolium_6340,5
A549_Calmidazolium_6564,5
A549_Calmidazolium_6307,5
A549_Calmidazolium_6544,5
A549_Itrazole_5684,5
A549_Rabeprazole_5688,5
A549_Argatroban_5689,5
A549_H7_6320,5
A549_H7_6553,5
A549_Zileuton_5692,5
A549_Zileuton_5815,5
A549_Gatifloxacin_5358,5
A549_Gatifloxacin_5459,5
A549_Ketoconazole_8010,5
"A549_""O-(octahydro-1h-4,7-methanoinden-5-yl)_6331",5
A549_Flurbiprofen_5818,5
A549_Lamivudine_5706,5
A549_Azacitidine_8016,5
A549_Voriconazole_5830,5
A549_Moclobemide_5713,5
A549_Moclobemide_5831,5
A549_Dexrazoxane_6356,5
A549_Dexrazoxane_6576,5
A549_Levofloxacin_5716,5
A549_Levofloxacin_5835,5
A549_Nialamide_5638,5
A549_Methazolamide_8028,5
A549_Gemcitabine_10198,5
A549_Clotrimazole_5721,5
A549_Mocetinostat_6373,5
A549_Mocetinostat_6584,5
A549_Sitagliptin_6251,5
A549_Disulfiram_5849,5
A549_Genistein_10078,5
A549_Genistein_6618,5
A549_Galantamine_5750,5
A549_Topotecan_5754,5
A549_Topotecan_5871,5
A549_Amonafide_6268,5
A549_Methotrexate_5757,5
A549_Orlistat_5762,5
A549_Orlistat_5885,5
A549_Moxifloxacin_5765,5
A549_Moxifloxacin_5888,5
A549_Linezolid_5766,5
A549_Linezolid_5889,5
A549_Tyrphostin_6453,5
A549_Tyrphostin_6652,5
A549_Idarubicin_5769,5
A549_Idarubicin_5892,5
A549_Dactinomycin_5601,5
A549_Nelfinavir_5776,5
A549_Nelfinavir_5896,5
A549_Hnha_6470,5
A549_Decitabine_6210,5
A549_Cediranib_6497,5
A549_Cediranib_6694,5
A549_Iodoacetic_8072,5
A549_Ramipril_5791,5
A549_Raltitrexed_6222,5
A549_Honokiol_5800,5
A549_Niflumic_8079,5
A549_Lopinavir_6513,5
A549_Lopinavir_6708,5
A549_Etoposide_5739,5
A549_Etoposide_5855,5
A549_Targinine_5841,5
A549_Rac-etomoxir_5695,5
A549_MK_5724,5
A549_KN93_7099,5
A549_U_7583,5
A549_U-0126_6504,5
A549_U-0126_6700,5
A549_Cyclosporin_7012,5
A549_Cyclosporin_7132,5
A549_Rottlerin_7655,5
A549_AG490_7604,5
A549_Cyclosporine_7283,5
A549_Cyclosporine_7432,5
A549_Ozagrel_5869,5
A549_H89_7302,5
A549_H89_7453,5
A549_ST638_4388,5
A549_Piperine_7182,5
A549_Fluvastatin_6895,5
A549_Trichostatin_6090,5
A549_Trichostatin_6196,5
A549_Trichostatin_9228,5
A549_Trichostatin_9348,5
A549_Trichostatin_9488,5
A549_Trichostatin_9618,5
A549_Trichostatin_9731,5
A549_Trichostatin_9852,5
A549_Thapsigargin_4242,5
A549_FK-506_5745,5
A549_FK-506_5861,5
A549_Mycophenolate_6915,5
A549_Mycophenolate_6987,5
A549_Panobinostat_5930,5
A549_Panobinostat_6011,5
A549_Panobinostat_9950,5
A549_Curcumin_10191,5
A549_Isoliquiritigenin_4753,5
A549_Belinostat_6154,5
A549_Belinostat_6245,5
A549_Axitinib_6163,5
A549_252916-29-3_6699,5
A549_Terbinafine_5767,5
A549_Acetyl-farnesyl-cysteine_6479,5
A549_Acetyl-farnesyl-cysteine_6677,5
A549_Cerivastatin_5781,5
A549_Arachidonyl_9815,5
A549_Triacsin_4829,5
A549_Atorvastatin_4642,5
MCF7_Ubenimex_33387,5
MCF7_Pravastatin_33514,5
MCF7_Pravastatin_37713,5
MCF7_Desipramine_33391,5
MCF7_PD-98059_30594,5
MCF7_PD-98059_30825,5
MCF7_PD-98059_33646,5
MCF7_Erythromycin_34303,5
MCF7_Bufalin_33779,5
MCF7_Ethacrynic_30296,5
MCF7_Ethacrynic_34143,5
MCF7_Ethacrynic_34304,5
MCF7_Etazolate_30298,5
MCF7_Nabumetone_30394,5
MCF7_Diphenyleneiodonium_33401,5
MCF7_Diphenyleneiodonium_33521,5
MCF7_Milrinone_33523,5
MCF7_Milrinone_34678,5
MCF7_H9_33111,5
MCF7_H9_33234,5
MCF7_Dichlorphenamide_33531,5
MCF7_Quinapril_33236,5
MCF7_(z)_31800,5
MCF7_Brinzolamide_34403,5
MCF7_Fasudil_33656,5
MCF7_Fasudil_33789,5
MCF7_Nimesulide_33238,5
MCF7_Leflunomide_34618,5
MCF7_Sildenafil_32933,5
MCF7_Vorinostat_30122,5
MCF7_Vorinostat_30153,5
MCF7_Vorinostat_31009,5
MCF7_Vorinostat_31090,5
MCF7_Vorinostat_34684,5
MCF7_Vorinostat_35533,5
MCF7_Vorinostat_35719,5
MCF7_Vorinostat_35839,5
MCF7_Vorinostat_36017,5
MCF7_Vorinostat_36174,5
MCF7_Vorinostat_36298,5
MCF7_Vorinostat_36420,5
MCF7_Vorinostat_37191,5
MCF7_Vorinostat_37262,5
MCF7_Vorinostat_37380,5
MCF7_Vorinostat_37487,5
MCF7_Vorinostat_37588,5
MCF7_Vorinostat_37733,5
MCF7_Vorinostat_37833,5
MCF7_Vorinostat_37951,5
MCF7_Vorinostat_38098,5
MCF7_Vorinostat_38235,5
MCF7_Vorinostat_38357,5
MCF7_Vorinostat_38545,5
MCF7_Vorinostat_38879,5
MCF7_Vorinostat_67244,5
MCF7_Vorinostat_67248,5
MCF7_Vorinostat_67252,5
MCF7_Vorinostat_67256,5
MCF7_Vorinostat_67260,5
MCF7_Vorinostat_67264,5
MCF7_Vorinostat_67267,5
MCF7_Vorinostat_67271,5
MCF7_Vorinostat_67274,5
MCF7_Vorinostat_67278,5
MCF7_Vorinostat_67282,5
MCF7_Vorinostat_67286,5
MCF7_Vorinostat_67289,5
MCF7_Vorinostat_67291,5
MCF7_Vorinostat_67298,5
MCF7_Vorinostat_67302,5
MCF7_Vorinostat_67306,5
MCF7_Vorinostat_67310,5
MCF7_Vorinostat_67314,5
MCF7_Vorinostat_67318,5
MCF7_Vorinostat_67322,5
MCF7_Vorinostat_67325,5
MCF7_Vorinostat_67329,5
MCF7_Vorinostat_67333,5
MCF7_Vorinostat_67337,5
MCF7_Vorinostat_67341,5
MCF7_Vorinostat_67345,5
MCF7_Vorinostat_67349,5
MCF7_Vorinostat_67353,5
MCF7_Vorinostat_67357,5
MCF7_Vorinostat_67361,5
MCF7_Vorinostat_67365,5
MCF7_Vorinostat_67369,5
MCF7_Vorinostat_67373,5
MCF7_Vorinostat_67377,5
MCF7_Vorinostat_67383,5
MCF7_Vorinostat_67403,5
MCF7_Vorinostat_67428,5
MCF7_Vorinostat_67433,5
MCF7_Vorinostat_67437,5
MCF7_Vorinostat_67440,5
MCF7_Vorinostat_67443,5
MCF7_Vorinostat_67447,5
MCF7_Vorinostat_67452,5
MCF7_Vorinostat_67456,5
MCF7_Vorinostat_67461,5
MCF7_Vorinostat_67465,5
MCF7_Vorinostat_67473,5
MCF7_Vorinostat_67478,5
MCF7_Vorinostat_67481,5
MCF7_Vorinostat_67487,5
MCF7_Vorinostat_67489,5
MCF7_Vorinostat_67509,5
MCF7_Vorinostat_67529,5
MCF7_Vorinostat_67534,5
MCF7_Vorinostat_67538,5
MCF7_Vorinostat_67542,5
MCF7_Vorinostat_67569,5
MCF7_Vorinostat_67587,5
MCF7_Vorinostat_67598,5
MCF7_Vorinostat_67606,5
MCF7_Vorinostat_67624,5
MCF7_Vorinostat_67635,5
MCF7_Vorinostat_67645,5
MCF7_Vorinostat_67659,5
MCF7_Olomoucine_33252,5
MCF7_Dipyridamole_34157,5
MCF7_Dipyridamole_34410,5
MCF7_Fusaric_33125,5
MCF7_Fusaric_33260,5
MCF7_Wortmannin_30224,5
MCF7_Letrozole_34687,5
MCF7_Anisomycin_33137,5
MCF7_Anisomycin_33271,5
MCF7_Doxorubicin_31829,5
MCF7_Doxorubicin_33030,5
MCF7_Doxorubicin_34522,5
MCF7_Doxorubicin_34629,5
MCF7_Doxorubicin_36028,5
MCF7_Doxorubicin_36185,5
MCF7_Perindopril_33032,5
MCF7_Isocarboxazid_34527,5
MCF7_Isocarboxazid_34633,5
MCF7_Tadalafil_32939,5
MCF7_Mevastatin_31831,5
MCF7_Mevastatin_33148,5
MCF7_Rebamipide_34543,5
MCF7_Ofloxacin_34333,5
MCF7_3-aminobenzamide_35684,5
MCF7_Amitrole_33746,5
MCF7_Camptothecin_34284,5
MCF7_Camptothecin_34382,5
MCF7_Camptothecin_37689,5
MCF7_Camptothecin_37798,5
MCF7_Valproic_30549,5
MCF7_Acarbose_34135,5
MCF7_Entinostat_32243,5
MCF7_Entinostat_32377,5
MCF7_Entinostat_32544,5
MCF7_Entinostat_32748,5
MCF7_Entinostat_35526,5
MCF7_Entinostat_35577,5
MCF7_Entinostat_38752,5
MCF7_Elliptecine_32560,5
MCF7_Elliptecine_32762,5
MCF7_Cyclosporin_33561,5
MCF7_Cyclosporin_33693,5
MCF7_Etodolac_33180,5
MCF7_Etodolac_31311,5
MCF7_KN_33309,5
MCF7_KN_33447,5
MCF7_Celecoxib_32989,5
MCF7_Emetine_30924,5
MCF7_Emetine_31044,5
MCF7_TYRPHOSTIN_33064,5
MCF7_Epirubicin_30189,5
MCF7_Epirubicin_31758,5
MCF7_Epirubicin_32867,5
MCF7_Epirubicin_32991,5
MCF7_Bisindolylmaleimide_30190,5
MCF7_Bisindolylmaleimide_33067,5
MCF7_Bisindolylmaleimide_33192,5
MCF7_Diclofenac_33326,5
MCF7_Irinotecan_31793,5
MCF7_Irinotecan_33070,5
MCF7_Irinotecan_33194,5
MCF7_Irinotecan_34465,5
MCF7_Lovastatin_32870,5
MCF7_Mibefradil_33328,5
MCF7_Mibefradil_33469,5
MCF7_Gemfibrozil_30359,5
MCF7_Fenbufen_34362,5
MCF7_Zaprinast_34365,5
MCF7_Abexinostat_33335,5
MCF7_Abexinostat_33474,5
MCF7_5-nitroso-8-cinnolinol_33592,5
MCF7_5-nitroso-8-cinnolinol_33722,5
MCF7_Pepstatin_30261,5
MCF7_Pepstatin_30360,5
MCF7_Midostaurin_33338,5
MCF7_Midostaurin_33477,5
MCF7_Vardenafil_31576,5
MCF7_SC-560_33594,5
MCF7_Fccp_33343,5
MCF7_Fccp_33482,5
MCF7_Fccp_37874,5
MCF7_Fccp_37997,5
MCF7_Papaverine_33595,5
MCF7_Papaverine_34473,5
MCF7_Carbonyl_33596,5
MCF7_Carbonyl_33726,5
MCF7_Ibudilast_34709,5
MCF7_Amiodarone_30194,5
MCF7_Cimetidine_30202,5
MCF7_H_33074,5
MCF7_H_33197,5
MCF7_Mitoxantrone_30118,5
MCF7_Mitoxantrone_30147,5
MCF7_Mitoxantrone_30267,5
MCF7_Mitoxantrone_30365,5
MCF7_Mitoxantrone_34130,5
MCF7_Mitoxantrone_34206,5
MCF7_Mitoxantrone_35955,5
MCF7_Mitoxantrone_36122,5
MCF7_Scriptaid_32885,5
MCF7_Scriptaid_32998,5
MCF7_Scriptaid_36262,5
MCF7_Scriptaid_36388,5
MCF7_Digoxin_33352,5
MCF7_Digoxin_33488,5
MCF7_Lavendustin_33734,5
MCF7_Physostigmine_32999,5
MCF7_Calpeptin_33356,5
MCF7_Calpeptin_33491,5
MCF7_Ehna_33077,5
MCF7_Cilostamide_33204,5
MCF7_Ebselen_31591,5
MCF7_Moexipril_33370,5
MCF7_Alrestatin_30203,5
MCF7_Ouabain_33209,5
MCF7_Puromycin_33210,5
MCF7_Cycloheximide_30205,5
MCF7_Cycloheximide_33625,5
MCF7_Cycloheximide_33754,5
MCF7_Zardaverine_33213,5
MCF7_Paroxetine_32897,5
MCF7_TYRPHOSTIN_30552,5
MCF7_TYRPHOSTIN_30797,5
MCF7_Daunorubicin_30213,5
MCF7_Daunorubicin_33375,5
MCF7_Daunorubicin_33502,5
MCF7_Proadifen_34492,5
MCF7_Metyrapone_30372,5
MCF7_Meclofenamic_34388,5
MCF7_Epicatechin_30215,5
MCF7_Seliciclib_33325,5
MCF7_Seliciclib_33467,5
MCF7_Seliciclib_36598,5
MCF7_Sorafenib_32152,5
MCF7_Sorafenib_32320,5
MCF7_Alvocidib_31995,5
MCF7_Alvocidib_32082,5
MCF7_Alvocidib_32260,5
MCF7_Alvocidib_32261,5
MCF7_Alvocidib_32388,5
MCF7_Alvocidib_32389,5
MCF7_Alvocidib_36302,5
MCF7_Alvocidib_36725,5
MCF7_Crizotinib_32546,5
MCF7_Crizotinib_32749,5
MCF7_Crizotinib_36541,5
MCF7_Crizotinib_36714,5
MCF7_Crizotinib_38757,5
MCF7_Saracatinib_32315,5
MCF7_Saracatinib_32467,5
MCF7_Lapatinib_32005,5
MCF7_Vemurafenib_30578,5
MCF7_Vemurafenib_32506,5
MCF7_Palbociclib_32499,5
MCF7_Palbociclib_32701,5
MCF7_Palbociclib_36506,5
MCF7_Gefitinib_36953,5
MCF7_Staurosporine_33823,5
MCF7_Staurosporine_33985,5
MCF7_Staurosporine_38649,5
MCF7_MG-132_33388,5
MCF7_MG-132_33511,5
MCF7_MG-132_37245,5
MCF7_MG-132_37350,5
MCF7_Trametinib_36777,5
MCF7_Olaparib_36864,5
MCF7_Ponatinib_36806,5
MCF7_Ponatinib_36923,5
"MCF7_""Cyclohexanecarboxamide,_36855",5
MCF7_U0126_33637,5
MCF7_U0126_33769,5
MCF7_Tyrphostin_33407,5
MCF7_Racecadotril_34539,5
MCF7_Brefeldin_33042,5
MCF7_Brefeldin_33163,5
MCF7_Ibuprofen_30314,5
MCF7_Pantoprazole_32957,5
MCF7_Puromycin_33679,5
MCF7_Fluoxetine_34440,5
MCF7_Rolipram_30417,5
MCF7_Proscillaridin_30167,5
MCF7_Proscillaridin_32824,5
MCF7_Proscillaridin_32962,5
MCF7_Teniposide_30168,5
MCF7_Teniposide_33046,5
MCF7_Teniposide_33168,5
MCF7_Teniposide_35864,5
MCF7_Teniposide_36045,5
MCF7_Ketorolac_31783,5
MCF7_Ketorolac_32831,5
MCF7_Quinacrine_30331,5
MCF7_Quinacrine_30705,5
MCF7_Quinacrine_34251,5
MCF7_Quinacrine_35638,5
MCF7_Quinacrine_35767,5
MCF7_Donepezil_31785,5
MCF7_Econazole_32839,5
MCF7_SKF-83566_30335,5
MCF7_Orphenadrine_33558,5
MCF7_Thiorphan_33692,5
MCF7_SQ22536_33559,5
MCF7_Siguazodan_33442,5
MCF7_Phenethylisothiocyanate_30580,5
MCF7_Phenethylisothiocyanate_30814,5
MCF7_Rucaparib_30655,5
MCF7_Rucaparib_30879,5
MCF7_Vigabatrin_34428,5
MCF7_Vigabatrin_34538,5
MCF7_Fadrozole_34334,5
MCF7_Calmidazolium_32440,5
MCF7_Calmidazolium_32634,5
MCF7_Calmidazolium_32414,5
MCF7_Calmidazolium_32612,5
MCF7_Itrazole_30418,5
MCF7_Itrazole_30697,5
MCF7_Dexlansoprazole_34644,5
MCF7_H7_32426,5
MCF7_H7_32620,5
MCF7_Azelastine_34558,5
MCF7_Gatifloxacin_31321,5
MCF7_Salsolidine_34456,5
MCF7_Ketoconazole_34181,5
MCF7_Miconazole_34257,5
MCF7_Miconazole_34346,5
MCF7_Flurbiprofen_34188,5
MCF7_Hydroxychloroquine_34460,5
MCF7_Hydroxychloroquine_34562,5
MCF7_Lamivudine_34563,5
MCF7_Azacitidine_34125,5
MCF7_Azacitidine_34192,5
MCF7_7-nitroindazole_31567,5
MCF7_Ciprofloxacin_34265,5
MCF7_Ciprofloxacin_34354,5
MCF7_Voriconazole_34568,5
MCF7_Kanamycin_34357,5
MCF7_Tolcapone_34198,5
MCF7_Norfloxacin_34360,5
MCF7_Aspirin_34199,5
MCF7_Nialamide_31574,5
MCF7_Nialamide_34707,5
MCF7_Parecoxib_31795,5
MCF7_Gemcitabine_34654,5
MCF7_Gemcitabine_38850,5
MCF7_Tenofovir_32462,5
MCF7_Tenofovir_32659,5
MCF7_Clotrimazole_34274,5
MCF7_Clotrimazole_34364,5
MCF7_Mocetinostat_32464,5
MCF7_Mocetinostat_32661,5
MCF7_Sitagliptin_32147,5
MCF7_Disulfiram_31802,5
MCF7_Disulfiram_34375,5
MCF7_Indinavir_31762,5
MCF7_Rivaroxaban_32685,5
MCF7_Efavirenz_34490,5
MCF7_Genistein_38681,5
MCF7_Sulbactam_34716,5
MCF7_Lincomycin_34386,5
MCF7_Benazepril_34500,5
MCF7_Etoricoxib_34602,5
MCF7_Topotecan_31767,5
MCF7_Topotecan_31811,5
MCF7_Topotecan_34670,5
MCF7_Topotecan_34720,5
MCF7_Amonafide_32198,5
MCF7_Amonafide_32344,5
MCF7_Methotrexate_34300,5
MCF7_Dapsone_34218,5
MCF7_Rufloxacin_31814,5
MCF7_cilomilast_32357,5
MCF7_Orlistat_31770,5
MCF7_Moxifloxacin_34725,5
MCF7_Linezolid_31816,5
MCF7_Tyrphostin_32525,5
MCF7_Tyrphostin_32729,5
MCF7_Idarubicin_31771,5
MCF7_Idarubicin_31819,5
MCF7_Atorvastatin_34680,5
MCF7_Dactinomycin_31642,5
MCF7_Dactinomycin_31736,5
MCF7_Zidovudine_34306,5
MCF7_Idoxuridine_34309,5
MCF7_Idoxuridine_34406,5
MCF7_Hnha_32537,5
MCF7_Hnha_32742,5
MCF7_Decitabine_32246,5
MCF7_Edrophonium_34316,5
MCF7_Dicoumarol_34516,5
MCF7_Novobiocin_34733,5
MCF7_Zalcitabine_34734,5
MCF7_Cediranib_32562,5
MCF7_Cediranib_32764,5
MCF7_Iproniazid_34412,5
MCF7_(+)-tranylcypromine_34323,5
MCF7_(+)-tranylcypromine_34413,5
MCF7_Raltitrexed_31666,5
MCF7_Raltitrexed_31749,5
MCF7_Raltitrexed_32264,5
MCF7_Mercaptopurine_34162,5
MCF7_Stavudine_31777,5
MCF7_Stavudine_34737,5
MCF7_Niflumic_34325,5
MCF7_Etoposide_31804,5
MCF7_Nintedanib_36807,5
MCF7_Nintedanib_36928,5
MCF7_KN93_33146,5
MCF7_U_33602,5
MCF7_U_33729,5
MCF7_U-0126_32569,5
MCF7_U-0126_32768,5
MCF7_Cyclosporin_33052,5
MCF7_Rottlerin_33706,5
MCF7_AG490_38321,5
MCF7_Cyclosporine_33337,5
MCF7_Cyclosporine_33476,5
MCF7_Ozagrel_31810,5
MCF7_Rosmarinic_33730,5
MCF7_H89_33359,5
MCF7_H89_33495,5
MCF7_C2-CERAMIDE_30370,5
MCF7_Semaxanib_33105,5
MCF7_Semaxanib_33228,5
MCF7_Fluvastatin_32920,5
MCF7_Trichostatin_31957,5
MCF7_Trichostatin_32065,5
MCF7_Trichostatin_32226,5
MCF7_Trichostatin_32365,5
MCF7_Trichostatin_35705,5
MCF7_Trichostatin_35829,5
MCF7_Trichostatin_35995,5
MCF7_Trichostatin_36158,5
MCF7_Trichostatin_36284,5
MCF7_Trichostatin_36407,5
MCF7_Tacrolimus_32923,5
MCF7_Tacrolimus_33022,5
MCF7_FK-506_31807,5
MCF7_Erbstatin_34132,5
MCF7_Erbstatin_34208,5
MCF7_Mycophenolate_32938,5
MCF7_Mycophenolate_33031,5
MCF7_Panobinostat_31857,5
MCF7_Panobinostat_32017,5
MCF7_Panobinostat_35392,5
MCF7_Panobinostat_35437,5
MCF7_Panobinostat_37003,5
MCF7_Panobinostat_37065,5
MCF7_Panobinostat_38473,5
MCF7_4-hydroxynon-2-enal_33549,5
MCF7_Curcumin_38394,5
MCF7_Isoliquiritigenin_30537,5
MCF7_Isoliquiritigenin_30787,5
MCF7_Belinostat_32143,5
MCF7_Belinostat_32311,5
MCF7_Belinostat_38161,5
MCF7_Belinostat_38290,5
MCF7_Axitinib_32163,5
MCF7_Axitinib_32327,5
MCF7_Terbinafine_31817,5
MCF7_Acetyl-farnesyl-cysteine_32750,5
MCF7_Cerivastatin_31774,5
MCF7_Cerivastatin_31823,5
MCF7_Arachidonyl_36370,5
MCF7_Radicicol_30104,5
MCF7_Radicicol_30137,5
MCF7_Radicicol_67398,5
MCF7_Radicicol_67420,5
MCF7_Y-27632_30371,5
MCF7_Esomeprazole_31787,5
MCF7_Atorvastatin_30685,5
MCF7_Atorvastatin_30897,5
PC3_Indomethacin_44740,5
PC3_Enalapril_44401,5
PC3_Gabexate_47997,5
PC3_Quinidine_44470,5
PC3_Pravastatin_46166,5
PC3_PD-98059_44982,5
PC3_Erythromycin_47546,5
PC3_Bufalin_44404,5
PC3_Bufalin_44467,5
PC3_Ethacrynic_47547,5
PC3_Etazolate_44806,5
PC3_Nabumetone_48009,5
PC3_Diphenyleneiodonium_44047,5
PC3_Diphenyleneiodonium_44144,5
PC3_Ponalrestat_44052,5
PC3_H9_44323,5
PC3_Dichlorphenamide_48023,5
PC3_Quinapril_44586,5
PC3_(z)_44473,5
PC3_Leflunomide_44063,5
PC3_Leflunomide_47757,5
PC3_Vorinostat_43923,5
PC3_Vorinostat_45331,5
PC3_Vorinostat_45417,5
PC3_Vorinostat_47797,5
PC3_Vorinostat_49378,5
PC3_Vorinostat_49531,5
PC3_Vorinostat_49803,5
PC3_Vorinostat_67829,5
PC3_Vorinostat_67833,5
PC3_Vorinostat_67837,5
PC3_Vorinostat_67841,5
PC3_Vorinostat_67845,5
PC3_Vorinostat_67849,5
PC3_Vorinostat_67853,5
PC3_Vorinostat_67857,5
PC3_Vorinostat_67861,5
PC3_Vorinostat_67865,5
PC3_Vorinostat_67869,5
PC3_Vorinostat_67873,5
PC3_Vorinostat_67877,5
PC3_Vorinostat_67881,5
PC3_Vorinostat_67884,5
PC3_Vorinostat_67888,5
PC3_Vorinostat_67892,5
PC3_Vorinostat_67896,5
PC3_Vorinostat_67900,5
PC3_Vorinostat_67904,5
PC3_Vorinostat_67908,5
PC3_Vorinostat_67912,5
PC3_Vorinostat_67916,5
PC3_Vorinostat_67919,5
PC3_Vorinostat_67922,5
PC3_Vorinostat_67926,5
PC3_Vorinostat_67928,5
PC3_Vorinostat_67932,5
PC3_Vorinostat_67936,5
PC3_Vorinostat_67940,5
PC3_Vorinostat_67943,5
PC3_Vorinostat_67947,5
PC3_Vorinostat_67951,5
PC3_Vorinostat_67955,5
PC3_Vorinostat_67960,5
PC3_Vorinostat_67981,5
PC3_Vorinostat_68004,5
PC3_Vorinostat_68011,5
PC3_Vorinostat_68015,5
PC3_Vorinostat_68024,5
PC3_Vorinostat_68037,5
PC3_Vorinostat_68060,5
PC3_Vorinostat_68086,5
PC3_Vorinostat_68103,5
PC3_Vorinostat_68113,5
PC3_Vorinostat_68129,5
PC3_Vorinostat_68141,5
PC3_Vorinostat_68146,5
PC3_Vorinostat_68150,5
PC3_Vorinostat_68154,5
PC3_Vorinostat_68168,5
PC3_Olomoucine_44255,5
PC3_Olomoucine_44328,5
PC3_Dipyridamole_47433,5
PC3_Dipyridamole_47569,5
PC3_Wortmannin_44593,5
PC3_Wortmannin_44658,5
PC3_Pyrimethamine_44419,5
PC3_Pyrimethamine_47346,5
PC3_Pyrimethamine_47435,5
PC3_Pyrimethamine_47572,5
PC3_Letrozole_48054,5
PC3_Anisomycin_44264,5
PC3_Anisomycin_44332,5
PC3_Doxorubicin_44421,5
PC3_Doxorubicin_44476,5
PC3_Doxorubicin_46125,5
PC3_Doxorubicin_46177,5
PC3_Doxorubicin_47673,5
PC3_Doxorubicin_47766,5
PC3_ML7_44267,5
PC3_Isocarboxazid_47675,5
PC3_Mevastatin_44081,5
PC3_Mevastatin_46126,5
PC3_Trapidil_44270,5
PC3_SKF_44272,5
PC3_Amethopterin_47463,5
PC3_Ofloxacin_47269,5
PC3_Suprofen_47835,5
PC3_Fosinopril_47275,5
"PC3_""3,7-BIS(DIMETHYLAMINO)PHENOTHIAZIN-5-IUM""_44905",5
"PC3_""3,7-BIS(DIMETHYLAMINO)PHENOTHIAZIN-5-IUM""_45140",5
PC3_Camptothecin_47514,5
PC3_Camptothecin_49790,5
PC3_Valproic_43921,5
PC3_Valproic_43953,5
PC3_Acarbose_47316,5
PC3_Tubacin_47172,5
PC3_Entinostat_46510,5
PC3_Entinostat_46647,5
PC3_Entinostat_46827,5
PC3_Entinostat_47021,5
PC3_Entinostat_49321,5
PC3_Entinostat_49373,5
PC3_Entinostat_49699,5
PC3_Elliptecine_46844,5
PC3_Elliptecine_47038,5
PC3_Cyclosporin_44181,5
PC3_Cyclosporin_44284,5
PC3_Etodolac_45646,5
PC3_Etodolac_45758,5
PC3_KN_43980,5
PC3_100599-27-7_43984,5
PC3_100599-27-7_44103,5
PC3_Ticlopidine_44526,5
PC3_Emetine_45281,5
PC3_Emetine_45365,5
PC3_Epirubicin_44531,5
PC3_Epirubicin_44630,5
PC3_Epirubicin_46069,5
PC3_Epirubicin_46144,5
PC3_DUP-697_45998,5
PC3_Bisindolylmaleimide_44532,5
PC3_Bisindolylmaleimide_44631,5
PC3_Irinotecan_44197,5
PC3_Irinotecan_46072,5
PC3_Irinotecan_46147,5
PC3_Irinotecan_47613,5
PC3_Lovastatin_44363,5
PC3_Lovastatin_45667,5
PC3_Lovastatin_45781,5
PC3_Mibefradil_44000,5
PC3_Gemfibrozil_44784,5
PC3_Gemfibrozil_47294,5
PC3_Zaprinast_47495,5
PC3_Abexinostat_44199,5
PC3_Abexinostat_44291,5
PC3_5-nitroso-8-cinnolinol_44367,5
PC3_5-nitroso-8-cinnolinol_44444,5
PC3_Pepstatin_47707,5
PC3_Midostaurin_44200,5
PC3_Midostaurin_44292,5
PC3_SC-560_44445,5
PC3_Fccp_44201,5
PC3_Fccp_44293,5
PC3_Papaverine_44203,5
PC3_Papaverine_47617,5
PC3_Papaverine_47710,5
PC3_Carbonyl_44370,5
PC3_Carbonyl_44447,5
PC3_Amiodarone_47715,5
PC3_Mitoxantrone_43917,5
PC3_Mitoxantrone_43949,5
PC3_Mitoxantrone_44713,5
PC3_Mitoxantrone_44789,5
PC3_Mitoxantrone_47301,5
PC3_Mitoxantrone_47398,5
PC3_Mitoxantrone_47499,5
PC3_Rofecoxib_47719,5
PC3_Diflunisal_47302,5
PC3_Scriptaid_44377,5
PC3_Scriptaid_44452,5
PC3_Digoxin_44017,5
PC3_Digoxin_44126,5
PC3_Physostigmine_44546,5
PC3_Odq_44020,5
PC3_LY-294002_43919,5
PC3_LY-294002_43951,5
PC3_LY-294002_44716,5
PC3_LY-294002_44790,5
PC3_LY-294002_49783,5
PC3_LY-294002_68046,5
PC3_LY-294002_68059,5
PC3_LY-294002_68067,5
PC3_LY-294002_68082,5
PC3_LY-294002_68100,5
PC3_LY-294002_68126,5
PC3_LY-294002_68139,5
PC3_Ehna_44378,5
PC3_Ebselen_46084,5
PC3_Ebselen_46150,5
PC3_Hypericin_44548,5
PC3_FR-122047_44381,5
PC3_FR-122047_44454,5
PC3_GF-109203_44717,5
PC3_GF-109203_44792,5
PC3_Ouabain_44387,5
PC3_Ouabain_44458,5
PC3_Puromycin_44388,5
PC3_Puromycin_44459,5
PC3_Cycloheximide_44557,5
PC3_Cycloheximide_44640,5
PC3_Zardaverine_46090,5
PC3_Paroxetine_44561,5
PC3_TYRPHOSTIN_45172,5
PC3_Daunorubicin_43863,5
PC3_Daunorubicin_44567,5
PC3_Daunorubicin_44646,5
PC3_Iobenguane_47734,5
PC3_Diethylcarbamazine_44570,5
PC3_TYRPHOSTIN_44234,5
PC3_Vinpocetine_44036,5
PC3_SB-202190_44242,5
PC3_SB-202190_44317,5
PC3_Seliciclib_44195,5
PC3_Seliciclib_44288,5
PC3_Sorafenib_46443,5
PC3_Sorafenib_46580,5
PC3_Alvocidib_46285,5
PC3_Alvocidib_46386,5
PC3_Alvocidib_46524,5
PC3_Alvocidib_46656,5
PC3_Alvocidib_46657,5
PC3_Dasatinib_46471,5
PC3_Dasatinib_46602,5
PC3_Crizotinib_46829,5
PC3_Crizotinib_47023,5
PC3_Crizotinib_49702,5
PC3_Saracatinib_46439,5
PC3_Saracatinib_46576,5
PC3_Saracatinib_46736,5
PC3_Saracatinib_46950,5
PC3_Vemurafenib_45185,5
PC3_Vemurafenib_46986,5
PC3_Palbociclib_46978,5
PC3_Erlotinib_47006,5
PC3_Gefitinib_46796,5
PC3_Staurosporine_47088,5
PC3_Staurosporine_47194,5
PC3_Staurosporine_49625,5
PC3_MG-132_44318,5
PC3_Veliparib_45041,5
PC3_Veliparib_45242,5
PC3_SB-203580_44176,5
PC3_U0126_44231,5
PC3_Tyrphostin_44053,5
PC3_Tyrphostin_44147,5
PC3_Bupropion_47443,5
PC3_Racecadotril_47588,5
PC3_Brefeldin_43964,5
PC3_Brefeldin_44090,5
PC3_Ibuprofen_47267,5
PC3_Puromycin_44172,5
PC3_Puromycin_44278,5
PC3_Triamcinolone_44672,5
PC3_Rolipram_44826,5
PC3_Rolipram_47836,5
PC3_Proscillaridin_44494,5
PC3_Proscillaridin_44608,5
PC3_Teniposide_44495,5
PC3_Teniposide_44609,5
PC3_Ketorolac_47840,5
PC3_Indoprofen_47843,5
PC3_Quinacrine_44678,5
PC3_Quinacrine_44834,5
PC3_Quinacrine_47459,5
PC3_Econazole_44341,5
PC3_Orphenadrine_47462,5
PC3_Pirlindole_47850,5
PC3_Thiorphan_47599,5
PC3_SCH-28080_44738,5
PC3_Phenethylisothiocyanate_45187,5
PC3_Rucaparib_45044,5
PC3_Rucaparib_45246,5
PC3_Trichlorfon_47451,5
PC3_Nadifloxacin_47826,5
PC3_Calmidazolium_46923,5
PC3_Calmidazolium_46683,5
PC3_Calmidazolium_46896,5
PC3_Rabeprazole_46058,5
PC3_Rabeprazole_47839,5
PC3_Argatroban_47689,5
PC3_Dexlansoprazole_47845,5
PC3_H7_46691,5
PC3_H7_46908,5
PC3_Benserazide_47856,5
PC3_Gatifloxacin_45653,5
PC3_Ketoconazole_47279,5
PC3_Ketoconazole_47374,5
"PC3_""O-(octahydro-1h-4,7-methanoinden-5-yl)_46699",5
PC3_Miconazole_47471,5
PC3_Flurbiprofen_47872,5
PC3_Azacitidine_47289,5
PC3_Azacitidine_47386,5
PC3_Voriconazole_47612,5
PC3_Dexrazoxane_46717,5
PC3_Sparfloxacin_47889,5
PC3_Kanamycin_47485,5
PC3_Rivastigmine_47898,5
PC3_Trimidox_47296,5
PC3_Nialamide_45896,5
PC3_Nialamide_47905,5
PC3_Methazolamide_47909,5
PC3_Gemcitabine_47915,5
PC3_Gemcitabine_49780,5
PC3_Mocetinostat_46734,5
PC3_Mocetinostat_46946,5
PC3_Neostigmine_47625,5
PC3_Sitagliptin_46575,5
PC3_Ketoconazole_46083,5
PC3_Disulfiram_46152,5
PC3_Disulfiram_47509,5
PC3_Indinavir_46154,5
PC3_Rivaroxaban_46757,5
PC3_Efavirenz_47638,5
PC3_Genistein_49498,5
PC3_Genistein_49653,5
PC3_Genistein_49655,5
PC3_Bonuten_47317,5
PC3_Nalidixic_47643,5
PC3_Dorzolamide_47978,5
PC3_Clarithromycin_47979,5
PC3_Captopril_47534,5
PC3_Monensin_47646,5
PC3_Topotecan_46163,5
PC3_Topotecan_47990,5
PC3_Amonafide_46481,5
PC3_Amonafide_46610,5
PC3_Methotrexate_46103,5
PC3_Methotrexate_47543,5
PC3_Dapsone_47327,5
PC3_Rufloxacin_48002,5
PC3_cilomilast_46489,5
PC3_cilomilast_46622,5
PC3_Orlistat_46107,5
PC3_Pazufloxacin_46108,5
PC3_Moxifloxacin_46803,5
PC3_Linezolid_46109,5
PC3_Tyrphostin_46807,5
PC3_Lisinopril_47551,5
PC3_Idarubicin_46110,5
PC3_Idarubicin_46168,5
PC3_Pyridostigmine_47331,5
PC3_Atorvastatin_47795,5
PC3_Atorvastatin_48017,5
PC3_Vatalanib_47653,5
PC3_Dactinomycin_46030,5
PC3_Clorgiline_47555,5
PC3_Oxolinic_47556,5
PC3_Nelfinavir_46114,5
PC3_Nelfinavir_46171,5
PC3_Idoxuridine_47559,5
PC3_Hnha_46820,5
PC3_Hnha_47017,5
PC3_Enoxacin_48037,5
PC3_Carbidopa_47758,5
PC3_Decitabine_46513,5
PC3_Zalcitabine_48049,5
PC3_Selegiline_47345,5
PC3_Selegiline_47434,5
PC3_Cediranib_46845,5
PC3_Cediranib_47040,5
PC3_Phenelzine_47571,5
PC3_Iproniazid_47347,5
PC3_Iodoacetic_47348,5
PC3_Iodoacetic_47436,5
PC3_Raltitrexed_46659,5
PC3_Mercaptopurine_47350,5
PC3_Theophylline_48071,5
PC3_Honokiol_46130,5
PC3_Didanosine_47580,5
PC3_Lopinavir_46860,5
PC3_Etoposide_46091,5
PC3_Etoposide_46155,5
PC3_Fenoprofen_47683,5
PC3_Rac-etomoxir_46061,5
PC3_MK_46076,5
PC3_KN93_44268,5
PC3_U-0126_46853,5
PC3_U-0126_47041,5
PC3_Cyclosporin_44513,5
PC3_Rottlerin_43990,5
PC3_Rottlerin_45455,5
PC3_AG490_44232,5
PC3_Cyclosporine_44010,5
PC3_Resveratrol_48110,5
PC3_H89_44025,5
PC3_ST638_44734,5
PC3_Fluvastatin_44580,5
PC3_Trichostatin_46261,5
PC3_Trichostatin_46366,5
PC3_Trichostatin_46497,5
PC3_Trichostatin_46633,5
PC3_Tacrolimus_44582,5
PC3_FK-506_46158,5
PC3_Rosuvastatin_44592,5
PC3_Erbstatin_47309,5
PC3_Erbstatin_47402,5
PC3_Mycophenolate_44422,5
PC3_Panobinostat_46207,5
PC3_Panobinostat_46310,5
PC3_Panobinostat_49212,5
PC3_Panobinostat_49270,5
PC3_Panobinostat_49481,5
PC3_Curcumin_49404,5
PC3_Curcumin_49427,5
PC3_Curcumin_49777,5
PC3_Isoliquiritigenin_44935,5
PC3_Isoliquiritigenin_45165,5
PC3_Rifampicin_47383,5
PC3_Mupirocin_47297,5
PC3_Belinostat_46434,5
PC3_Belinostat_46571,5
PC3_Axitinib_46452,5
PC3_252916-29-3_46852,5
PC3_Cerivastatin_46118,5
PC3_Entacapone_47341,5
PC3_Cilastatin_46124,5
PC3_Triacsin_45231,5
PC3_Radicicol_43903,5
PC3_Radicicol_43935,5
PC3_Radicicol_67973,5
PC3_Radicicol_67994,5
PC3_Atorvastatin_45069,5
